,model_name,accuracy,f1_score
0,ko-electra,0.7119460500963392,0.7644852021675699
1,ko-electra-v2,0.6396917148362236,0.7237003683995089
